signal_id,signal_date,zone_id,event_type,observed_count,expected_count,excess_count,z_score,risk_score,severity,confidence_score,confidence_label,evidence_class,source_granularity,source_file,decision_scope,recommended_action,data_limitations
OPS-OVERDOSE-DEATH-20240101,2024-01-01,Citywide,overdose_death,71,71.0,0.0,0.0,50.0,watch,0.18,low,real_public_aggregate,monthly,datasf_jxrr-bmra_preliminary-unintentional-drug-overdose-deaths.csv,citywide_readiness_only,Validate with internal incident data before geographic deployment,Citywide aggregate; no incident coordinates or exact timestamps. Do not infer neighborhood-level risk or causality.
OPS-EMS-OVERDOSE-911-RESPONSE-20240107,2024-01-07,Citywide,ems_overdose_911_response,80,80.0,0.0,0.0,50.0,watch,0.18,low,real_public_aggregate,weekly,datasf_ed3a-sn39_overdose-related-911-responses-by-emergency-medical-services.csv,citywide_readiness_only,Validate with internal incident data before geographic deployment,Citywide aggregate; no incident coordinates or exact timestamps. Do not infer neighborhood-level risk or causality.
OPS-EMS-OVERDOSE-911-RESPONSE-20240114,2024-01-14,Citywide,ems_overdose_911_response,65,80.0,-15.0,-1.6771,24.84,routine,0.203,low,real_public_aggregate,weekly,datasf_ed3a-sn39_overdose-related-911-responses-by-emergency-medical-services.csv,citywide_readiness_only,Validate with internal incident data before geographic deployment,Citywide aggregate; no incident coordinates or exact timestamps. Do not infer neighborhood-level risk or causality.
OPS-EMS-OVERDOSE-911-RESPONSE-20240121,2024-01-21,Citywide,ems_overdose_911_response,63,72.5,-9.5,-0.8544,37.18,routine,0.225,low,real_public_aggregate,weekly,datasf_ed3a-sn39_overdose-related-911-responses-by-emergency-medical-services.csv,citywide_readiness_only,Validate with internal incident data before geographic deployment,Citywide aggregate; no incident coordinates or exact timestamps. Do not infer neighborhood-level risk or causality.
OPS-EMS-OVERDOSE-911-RESPONSE-20240128,2024-01-28,Citywide,ems_overdose_911_response,80,65.0,15.0,1.6144,74.22,high,0.248,low,real_public_aggregate,weekly,datasf_ed3a-sn39_overdose-related-911-responses-by-emergency-medical-services.csv,citywide_readiness_only,Validate with internal incident data before geographic deployment,Citywide aggregate; no incident coordinates or exact timestamps. Do not infer neighborhood-level risk or causality.
OPS-OVERDOSE-DEATH-20240201,2024-02-01,Citywide,overdose_death,63,71.0,-8.0,-0.9494,35.76,routine,0.225,low,real_public_aggregate,monthly,datasf_jxrr-bmra_preliminary-unintentional-drug-overdose-deaths.csv,citywide_readiness_only,Validate with internal incident data before geographic deployment,Citywide aggregate; no incident coordinates or exact timestamps. Do not infer neighborhood-level risk or causality.
OPS-EMS-OVERDOSE-911-RESPONSE-20240204,2024-02-04,Citywide,ems_overdose_911_response,68,72.5,-4.5,-0.4047,43.93,routine,0.27,low,real_public_aggregate,weekly,datasf_ed3a-sn39_overdose-related-911-responses-by-emergency-medical-services.csv,citywide_readiness_only,Validate with internal incident data before geographic deployment,Citywide aggregate; no incident coordinates or exact timestamps. Do not infer neighborhood-level risk or causality.
OPS-EMS-OVERDOSE-911-RESPONSE-20240211,2024-02-11,Citywide,ems_overdose_911_response,70,68.0,2.0,0.2425,53.64,watch,0.293,low,real_public_aggregate,weekly,datasf_ed3a-sn39_overdose-related-911-responses-by-emergency-medical-services.csv,citywide_readiness_only,Validate with internal incident data before geographic deployment,Citywide aggregate; no incident coordinates or exact timestamps. Do not infer neighborhood-level risk or causality.
OPS-EMS-OVERDOSE-911-RESPONSE-20240218,2024-02-18,Citywide,ems_overdose_911_response,64,69.0,-5.0,-0.6019,40.97,routine,0.315,low,real_public_aggregate,weekly,datasf_ed3a-sn39_overdose-related-911-responses-by-emergency-medical-services.csv,citywide_readiness_only,Validate with internal incident data before geographic deployment,Citywide aggregate; no incident coordinates or exact timestamps. Do not infer neighborhood-level risk or causality.
OPS-EMS-OVERDOSE-911-RESPONSE-20240225,2024-02-25,Citywide,ems_overdose_911_response,74,68.0,6.0,0.7276,60.91,high,0.338,low,real_public_aggregate,weekly,datasf_ed3a-sn39_overdose-related-911-responses-by-emergency-medical-services.csv,citywide_readiness_only,Validate with internal incident data before geographic deployment,Citywide aggregate; no incident coordinates or exact timestamps. Do not infer neighborhood-level risk or causality.
OPS-OVERDOSE-DEATH-20240301,2024-03-01,Citywide,overdose_death,70,67.0,3.0,0.3665,55.5,watch,0.27,low,real_public_aggregate,monthly,datasf_jxrr-bmra_preliminary-unintentional-drug-overdose-deaths.csv,citywide_readiness_only,Validate with internal incident data before geographic deployment,Citywide aggregate; no incident coordinates or exact timestamps. Do not infer neighborhood-level risk or causality.
OPS-EMS-OVERDOSE-911-RESPONSE-20240303,2024-03-03,Citywide,ems_overdose_911_response,80,69.0,11.0,1.3242,69.86,high,0.36,low,real_public_aggregate,weekly,datasf_ed3a-sn39_overdose-related-911-responses-by-emergency-medical-services.csv,citywide_readiness_only,Validate with internal incident data before geographic deployment,Citywide aggregate; no incident coordinates or exact timestamps. Do not infer neighborhood-level risk or causality.
OPS-EMS-OVERDOSE-911-RESPONSE-20240310,2024-03-10,Citywide,ems_overdose_911_response,67,70.0,-3.0,-0.3372,44.94,routine,0.383,low,real_public_aggregate,weekly,datasf_ed3a-sn39_overdose-related-911-responses-by-emergency-medical-services.csv,citywide_readiness_only,Validate with internal incident data before geographic deployment,Citywide aggregate; no incident coordinates or exact timestamps. Do not infer neighborhood-level risk or causality.
OPS-EMS-OVERDOSE-911-RESPONSE-20240317,2024-03-17,Citywide,ems_overdose_911_response,84,69.0,15.0,1.8058,77.09,critical,0.405,low,real_public_aggregate,weekly,datasf_ed3a-sn39_overdose-related-911-responses-by-emergency-medical-services.csv,citywide_readiness_only,Validate with internal incident data before geographic deployment,Citywide aggregate; no incident coordinates or exact timestamps. Do not infer neighborhood-level risk or causality.
OPS-EMS-OVERDOSE-911-RESPONSE-20240324,2024-03-24,Citywide,ems_overdose_911_response,91,70.0,21.0,2.3607,85.41,critical,0.427,low,real_public_aggregate,weekly,datasf_ed3a-sn39_overdose-related-911-responses-by-emergency-medical-services.csv,citywide_readiness_only,Validate with internal incident data before geographic deployment,Citywide aggregate; no incident coordinates or exact timestamps. Do not infer neighborhood-level risk or causality.
OPS-EMS-OVERDOSE-911-RESPONSE-20240331,2024-03-31,Citywide,ems_overdose_911_response,94,72.0,22.0,1.8548,77.82,critical,0.45,low,real_public_aggregate,weekly,datasf_ed3a-sn39_overdose-related-911-responses-by-emergency-medical-services.csv,citywide_readiness_only,Validate with internal incident data before geographic deployment,Citywide aggregate; no incident coordinates or exact timestamps. Do not infer neighborhood-level risk or causality.
OPS-OVERDOSE-DEATH-20240401,2024-04-01,Citywide,overdose_death,59,70.0,-11.0,-1.3148,30.28,routine,0.315,low,real_public_aggregate,monthly,datasf_jxrr-bmra_preliminary-unintentional-drug-overdose-deaths.csv,citywide_readiness_only,Validate with internal incident data before geographic deployment,Citywide aggregate; no incident coordinates or exact timestamps. Do not infer neighborhood-level risk or causality.
OPS-EMS-OVERDOSE-911-RESPONSE-20240407,2024-04-07,Citywide,ems_overdose_911_response,63,72.0,-9.0,-0.7588,38.62,routine,0.45,low,real_public_aggregate,weekly,datasf_ed3a-sn39_overdose-related-911-responses-by-emergency-medical-services.csv,citywide_readiness_only,Validate with internal incident data before geographic deployment,Citywide aggregate; no incident coordinates or exact timestamps. Do not infer neighborhood-level risk or causality.
OPS-EMS-OVERDOSE-911-RESPONSE-20240414,2024-04-14,Citywide,ems_overdose_911_response,59,72.0,-13.0,-1.096,33.56,routine,0.45,low,real_public_aggregate,weekly,datasf_ed3a-sn39_overdose-related-911-responses-by-emergency-medical-services.csv,citywide_readiness_only,Validate with internal incident data before geographic deployment,Citywide aggregate; no incident coordinates or exact timestamps. Do not infer neighborhood-level risk or causality.
OPS-EMS-OVERDOSE-911-RESPONSE-20240421,2024-04-21,Citywide,ems_overdose_911_response,91,72.0,19.0,1.6019,74.03,high,0.45,low,real_public_aggregate,weekly,datasf_ed3a-sn39_overdose-related-911-responses-by-emergency-medical-services.csv,citywide_readiness_only,Validate with internal incident data before geographic deployment,Citywide aggregate; no incident coordinates or exact timestamps. Do not infer neighborhood-level risk or causality.
OPS-EMS-OVERDOSE-911-RESPONSE-20240428,2024-04-28,Citywide,ems_overdose_911_response,67,72.0,-5.0,-0.3968,44.05,routine,0.45,low,real_public_aggregate,weekly,datasf_ed3a-sn39_overdose-related-911-responses-by-emergency-medical-services.csv,citywide_readiness_only,Validate with internal incident data before geographic deployment,Citywide aggregate; no incident coordinates or exact timestamps. Do not infer neighborhood-level risk or causality.
OPS-OVERDOSE-DEATH-20240501,2024-05-01,Citywide,overdose_death,66,66.5,-0.5,-0.0613,49.08,watch,0.36,low,real_public_aggregate,monthly,datasf_jxrr-bmra_preliminary-unintentional-drug-overdose-deaths.csv,citywide_readiness_only,Validate with internal incident data before geographic deployment,Citywide aggregate; no incident coordinates or exact timestamps. Do not infer neighborhood-level risk or causality.
OPS-EMS-OVERDOSE-911-RESPONSE-20240505,2024-05-05,Citywide,ems_overdose_911_response,81,72.0,9.0,0.7142,60.71,high,0.45,low,real_public_aggregate,weekly,datasf_ed3a-sn39_overdose-related-911-responses-by-emergency-medical-services.csv,citywide_readiness_only,Validate with internal incident data before geographic deployment,Citywide aggregate; no incident coordinates or exact timestamps. Do not infer neighborhood-level risk or causality.
OPS-EMS-OVERDOSE-911-RESPONSE-20240512,2024-05-12,Citywide,ems_overdose_911_response,87,77.0,10.0,0.5865,58.8,watch,0.45,low,real_public_aggregate,weekly,datasf_ed3a-sn39_overdose-related-911-responses-by-emergency-medical-services.csv,citywide_readiness_only,Validate with internal incident data before geographic deployment,Citywide aggregate; no incident coordinates or exact timestamps. Do not infer neighborhood-level risk or causality.
OPS-EMS-OVERDOSE-911-RESPONSE-20240519,2024-05-19,Citywide,ems_overdose_911_response,70,80.5,-10.5,-0.6745,39.88,routine,0.45,low,real_public_aggregate,weekly,datasf_ed3a-sn39_overdose-related-911-responses-by-emergency-medical-services.csv,citywide_readiness_only,Validate with internal incident data before geographic deployment,Citywide aggregate; no incident coordinates or exact timestamps. Do not infer neighborhood-level risk or causality.
OPS-EMS-OVERDOSE-911-RESPONSE-20240526,2024-05-26,Citywide,ems_overdose_911_response,70,80.5,-10.5,-0.6745,39.88,routine,0.45,low,real_public_aggregate,weekly,datasf_ed3a-sn39_overdose-related-911-responses-by-emergency-medical-services.csv,citywide_readiness_only,Validate with internal incident data before geographic deployment,Citywide aggregate; no incident coordinates or exact timestamps. Do not infer neighborhood-level risk or causality.
OPS-OVERDOSE-DEATH-20240601,2024-06-01,Citywide,overdose_death,49,66.0,-17.0,-2.0926,18.61,routine,0.405,low,real_public_aggregate,monthly,datasf_jxrr-bmra_preliminary-unintentional-drug-overdose-deaths.csv,citywide_readiness_only,Validate with internal incident data before geographic deployment,Citywide aggregate; no incident coordinates or exact timestamps. Do not infer neighborhood-level risk or causality.
OPS-EMS-OVERDOSE-911-RESPONSE-20240602,2024-06-02,Citywide,ems_overdose_911_response,70,75.5,-5.5,-0.371,44.44,routine,0.45,low,real_public_aggregate,weekly,datasf_ed3a-sn39_overdose-related-911-responses-by-emergency-medical-services.csv,citywide_readiness_only,Validate with internal incident data before geographic deployment,Citywide aggregate; no incident coordinates or exact timestamps. Do not infer neighborhood-level risk or causality.
OPS-EMS-OVERDOSE-911-RESPONSE-20240609,2024-06-09,Citywide,ems_overdose_911_response,48,75.5,-27.5,-1.8548,22.18,routine,0.45,low,real_public_aggregate,weekly,datasf_ed3a-sn39_overdose-related-911-responses-by-emergency-medical-services.csv,citywide_readiness_only,Validate with internal incident data before geographic deployment,Citywide aggregate; no incident coordinates or exact timestamps. Do not infer neighborhood-level risk or causality.
OPS-EMS-OVERDOSE-911-RESPONSE-20240616,2024-06-16,Citywide,ems_overdose_911_response,61,70.0,-9.0,-0.5519,41.72,routine,0.45,low,real_public_aggregate,weekly,datasf_ed3a-sn39_overdose-related-911-responses-by-emergency-medical-services.csv,citywide_readiness_only,Validate with internal incident data before geographic deployment,Citywide aggregate; no incident coordinates or exact timestamps. Do not infer neighborhood-level risk or causality.
OPS-EMS-OVERDOSE-911-RESPONSE-20240623,2024-06-23,Citywide,ems_overdose_911_response,54,70.0,-16.0,-1.0792,33.81,routine,0.45,low,real_public_aggregate,weekly,datasf_ed3a-sn39_overdose-related-911-responses-by-emergency-medical-services.csv,citywide_readiness_only,Validate with internal incident data before geographic deployment,Citywide aggregate; no incident coordinates or exact timestamps. Do not infer neighborhood-level risk or causality.
OPS-EMS-OVERDOSE-911-RESPONSE-20240630,2024-06-30,Citywide,ems_overdose_911_response,42,68.5,-26.5,-2.0597,19.1,routine,0.45,low,real_public_aggregate,weekly,datasf_ed3a-sn39_overdose-related-911-responses-by-emergency-medical-services.csv,citywide_readiness_only,Validate with internal incident data before geographic deployment,Citywide aggregate; no incident coordinates or exact timestamps. Do not infer neighborhood-level risk or causality.
OPS-OVERDOSE-DEATH-20240701,2024-07-01,Citywide,overdose_death,41,64.5,-23.5,-2.8753,6.87,routine,0.45,low,real_public_aggregate,monthly,datasf_jxrr-bmra_preliminary-unintentional-drug-overdose-deaths.csv,citywide_readiness_only,Validate with internal incident data before geographic deployment,Citywide aggregate; no incident coordinates or exact timestamps. Do not infer neighborhood-level risk or causality.
OPS-EMS-OVERDOSE-911-RESPONSE-20240707,2024-07-07,Citywide,ems_overdose_911_response,53,68.5,-15.5,-0.9504,35.74,routine,0.45,low,real_public_aggregate,weekly,datasf_ed3a-sn39_overdose-related-911-responses-by-emergency-medical-services.csv,citywide_readiness_only,Validate with internal incident data before geographic deployment,Citywide aggregate; no incident coordinates or exact timestamps. Do not infer neighborhood-level risk or causality.
OPS-EMS-OVERDOSE-911-RESPONSE-20240714,2024-07-14,Citywide,ems_overdose_911_response,66,68.5,-2.5,-0.1249,48.13,watch,0.45,low,real_public_aggregate,weekly,datasf_ed3a-sn39_overdose-related-911-responses-by-emergency-medical-services.csv,citywide_readiness_only,Validate with internal incident data before geographic deployment,Citywide aggregate; no incident coordinates or exact timestamps. Do not infer neighborhood-level risk or causality.
OPS-EMS-OVERDOSE-911-RESPONSE-20240721,2024-07-21,Citywide,ems_overdose_911_response,62,66.5,-4.5,-0.3372,44.94,routine,0.45,low,real_public_aggregate,weekly,datasf_ed3a-sn39_overdose-related-911-responses-by-emergency-medical-services.csv,citywide_readiness_only,Validate with internal incident data before geographic deployment,Citywide aggregate; no incident coordinates or exact timestamps. Do not infer neighborhood-level risk or causality.
OPS-EMS-OVERDOSE-911-RESPONSE-20240728,2024-07-28,Citywide,ems_overdose_911_response,44,64.0,-20.0,-1.5207,27.19,routine,0.45,low,real_public_aggregate,weekly,datasf_ed3a-sn39_overdose-related-911-responses-by-emergency-medical-services.csv,citywide_readiness_only,Validate with internal incident data before geographic deployment,Citywide aggregate; no incident coordinates or exact timestamps. Do not infer neighborhood-level risk or causality.
OPS-OVERDOSE-DEATH-20240801,2024-08-01,Citywide,overdose_death,47,61.0,-14.0,-1.2738,30.89,routine,0.45,low,real_public_aggregate,monthly,datasf_jxrr-bmra_preliminary-unintentional-drug-overdose-deaths.csv,citywide_readiness_only,Validate with internal incident data before geographic deployment,Citywide aggregate; no incident coordinates or exact timestamps. Do not infer neighborhood-level risk or causality.
OPS-EMS-OVERDOSE-911-RESPONSE-20240804,2024-08-04,Citywide,ems_overdose_911_response,61,61.5,-0.5,-0.0383,49.43,watch,0.45,low,real_public_aggregate,weekly,datasf_ed3a-sn39_overdose-related-911-responses-by-emergency-medical-services.csv,citywide_readiness_only,Validate with internal incident data before geographic deployment,Citywide aggregate; no incident coordinates or exact timestamps. Do not infer neighborhood-level risk or causality.
OPS-EMS-OVERDOSE-911-RESPONSE-20240811,2024-08-11,Citywide,ems_overdose_911_response,46,61.0,-15.0,-1.1903,32.15,routine,0.45,low,real_public_aggregate,weekly,datasf_ed3a-sn39_overdose-related-911-responses-by-emergency-medical-services.csv,citywide_readiness_only,Validate with internal incident data before geographic deployment,Citywide aggregate; no incident coordinates or exact timestamps. Do not infer neighborhood-level risk or causality.
OPS-EMS-OVERDOSE-911-RESPONSE-20240818,2024-08-18,Citywide,ems_overdose_911_response,55,57.5,-2.5,-0.1874,47.19,watch,0.45,low,real_public_aggregate,weekly,datasf_ed3a-sn39_overdose-related-911-responses-by-emergency-medical-services.csv,citywide_readiness_only,Validate with internal incident data before geographic deployment,Citywide aggregate; no incident coordinates or exact timestamps. Do not infer neighborhood-level risk or causality.
OPS-EMS-OVERDOSE-911-RESPONSE-20240825,2024-08-25,Citywide,ems_overdose_911_response,56,54.5,1.5,0.1445,52.17,watch,0.45,low,real_public_aggregate,weekly,datasf_ed3a-sn39_overdose-related-911-responses-by-emergency-medical-services.csv,citywide_readiness_only,Validate with internal incident data before geographic deployment,Citywide aggregate; no incident coordinates or exact timestamps. Do not infer neighborhood-level risk or causality.
OPS-EMS-OVERDOSE-911-RESPONSE-20240901,2024-09-01,Citywide,ems_overdose_911_response,61,54.5,6.5,0.6745,60.12,high,0.45,low,real_public_aggregate,weekly,datasf_ed3a-sn39_overdose-related-911-responses-by-emergency-medical-services.csv,citywide_readiness_only,Validate with internal incident data before geographic deployment,Citywide aggregate; no incident coordinates or exact timestamps. Do not infer neighborhood-level risk or causality.
OPS-OVERDOSE-DEATH-20240901,2024-09-01,Citywide,overdose_death,41,54.0,-13.0,-0.923,36.16,routine,0.45,low,real_public_aggregate,monthly,datasf_jxrr-bmra_preliminary-unintentional-drug-overdose-deaths.csv,citywide_readiness_only,Validate with internal incident data before geographic deployment,Citywide aggregate; no incident coordinates or exact timestamps. Do not infer neighborhood-level risk or causality.
OPS-EMS-OVERDOSE-911-RESPONSE-20240908,2024-09-08,Citywide,ems_overdose_911_response,43,55.5,-12.5,-1.5329,27.01,routine,0.45,low,real_public_aggregate,weekly,datasf_ed3a-sn39_overdose-related-911-responses-by-emergency-medical-services.csv,citywide_readiness_only,Validate with internal incident data before geographic deployment,Citywide aggregate; no incident coordinates or exact timestamps. Do not infer neighborhood-level risk or causality.
OPS-EMS-OVERDOSE-911-RESPONSE-20240915,2024-09-15,Citywide,ems_overdose_911_response,47,54.5,-7.5,-0.7227,39.16,routine,0.45,low,real_public_aggregate,weekly,datasf_ed3a-sn39_overdose-related-911-responses-by-emergency-medical-services.csv,citywide_readiness_only,Validate with internal incident data before geographic deployment,Citywide aggregate; no incident coordinates or exact timestamps. Do not infer neighborhood-level risk or causality.
OPS-EMS-OVERDOSE-911-RESPONSE-20240922,2024-09-22,Citywide,ems_overdose_911_response,54,54.0,0.0,0.0,50.0,watch,0.45,low,real_public_aggregate,weekly,datasf_ed3a-sn39_overdose-related-911-responses-by-emergency-medical-services.csv,citywide_readiness_only,Validate with internal incident data before geographic deployment,Citywide aggregate; no incident coordinates or exact timestamps. Do not infer neighborhood-level risk or causality.
OPS-EMS-OVERDOSE-911-RESPONSE-20240929,2024-09-29,Citywide,ems_overdose_911_response,54,54.5,-0.5,-0.0482,49.28,watch,0.45,low,real_public_aggregate,weekly,datasf_ed3a-sn39_overdose-related-911-responses-by-emergency-medical-services.csv,citywide_readiness_only,Validate with internal incident data before geographic deployment,Citywide aggregate; no incident coordinates or exact timestamps. Do not infer neighborhood-level risk or causality.
OPS-OVERDOSE-DEATH-20241001,2024-10-01,Citywide,overdose_death,37,48.0,-11.0,-1.0599,34.1,routine,0.45,low,real_public_aggregate,monthly,datasf_jxrr-bmra_preliminary-unintentional-drug-overdose-deaths.csv,citywide_readiness_only,Validate with internal incident data before geographic deployment,Citywide aggregate; no incident coordinates or exact timestamps. Do not infer neighborhood-level risk or causality.
OPS-EMS-OVERDOSE-911-RESPONSE-20241006,2024-10-06,Citywide,ems_overdose_911_response,49,54.5,-5.5,-0.53,42.05,routine,0.45,low,real_public_aggregate,weekly,datasf_ed3a-sn39_overdose-related-911-responses-by-emergency-medical-services.csv,citywide_readiness_only,Validate with internal incident data before geographic deployment,Citywide aggregate; no incident coordinates or exact timestamps. Do not infer neighborhood-level risk or causality.
OPS-EMS-OVERDOSE-911-RESPONSE-20241013,2024-10-13,Citywide,ems_overdose_911_response,64,54.0,10.0,0.9636,64.45,high,0.45,low,real_public_aggregate,weekly,datasf_ed3a-sn39_overdose-related-911-responses-by-emergency-medical-services.csv,citywide_readiness_only,Validate with internal incident data before geographic deployment,Citywide aggregate; no incident coordinates or exact timestamps. Do not infer neighborhood-level risk or causality.
OPS-EMS-OVERDOSE-911-RESPONSE-20241020,2024-10-20,Citywide,ems_overdose_911_response,62,54.0,8.0,0.7708,61.56,high,0.45,low,real_public_aggregate,weekly,datasf_ed3a-sn39_overdose-related-911-responses-by-emergency-medical-services.csv,citywide_readiness_only,Validate with internal incident data before geographic deployment,Citywide aggregate; no incident coordinates or exact timestamps. Do not infer neighborhood-level risk or causality.
OPS-EMS-OVERDOSE-911-RESPONSE-20241027,2024-10-27,Citywide,ems_overdose_911_response,63,54.5,8.5,0.882,63.23,high,0.45,low,real_public_aggregate,weekly,datasf_ed3a-sn39_overdose-related-911-responses-by-emergency-medical-services.csv,citywide_readiness_only,Validate with internal incident data before geographic deployment,Citywide aggregate; no incident coordinates or exact timestamps. Do not infer neighborhood-level risk or causality.
OPS-OVERDOSE-DEATH-20241101,2024-11-01,Citywide,overdose_death,40,44.0,-4.0,-0.386,44.21,routine,0.45,low,real_public_aggregate,monthly,datasf_jxrr-bmra_preliminary-unintentional-drug-overdose-deaths.csv,citywide_readiness_only,Validate with internal incident data before geographic deployment,Citywide aggregate; no incident coordinates or exact timestamps. Do not infer neighborhood-level risk or causality.
OPS-EMS-OVERDOSE-911-RESPONSE-20241103,2024-11-03,Citywide,ems_overdose_911_response,57,54.5,2.5,0.2409,53.61,watch,0.45,low,real_public_aggregate,weekly,datasf_ed3a-sn39_overdose-related-911-responses-by-emergency-medical-services.csv,citywide_readiness_only,Validate with internal incident data before geographic deployment,Citywide aggregate; no incident coordinates or exact timestamps. Do not infer neighborhood-level risk or causality.
OPS-EMS-OVERDOSE-911-RESPONSE-20241110,2024-11-10,Citywide,ems_overdose_911_response,42,55.5,-13.5,-1.5176,27.24,routine,0.45,low,real_public_aggregate,weekly,datasf_ed3a-sn39_overdose-related-911-responses-by-emergency-medical-services.csv,citywide_readiness_only,Validate with internal incident data before geographic deployment,Citywide aggregate; no incident coordinates or exact timestamps. Do not infer neighborhood-level risk or causality.
OPS-EMS-OVERDOSE-911-RESPONSE-20241117,2024-11-17,Citywide,ems_overdose_911_response,34,55.0,-21.0,-2.1791,17.31,routine,0.45,low,real_public_aggregate,weekly,datasf_ed3a-sn39_overdose-related-911-responses-by-emergency-medical-services.csv,citywide_readiness_only,Validate with internal incident data before geographic deployment,Citywide aggregate; no incident coordinates or exact timestamps. Do not infer neighborhood-level risk or causality.
OPS-EMS-OVERDOSE-911-RESPONSE-20241124,2024-11-24,Citywide,ems_overdose_911_response,53,54.0,-1.0,-0.0899,48.65,watch,0.45,low,real_public_aggregate,weekly,datasf_ed3a-sn39_overdose-related-911-responses-by-emergency-medical-services.csv,citywide_readiness_only,Validate with internal incident data before geographic deployment,Citywide aggregate; no incident coordinates or exact timestamps. Do not infer neighborhood-level risk or causality.
OPS-EMS-OVERDOSE-911-RESPONSE-20241201,2024-12-01,Citywide,ems_overdose_911_response,50,53.5,-3.5,-0.3148,45.28,watch,0.45,low,real_public_aggregate,weekly,datasf_ed3a-sn39_overdose-related-911-responses-by-emergency-medical-services.csv,citywide_readiness_only,Validate with internal incident data before geographic deployment,Citywide aggregate; no incident coordinates or exact timestamps. Do not infer neighborhood-level risk or causality.
OPS-OVERDOSE-DEATH-20241201,2024-12-01,Citywide,overdose_death,51,41.0,10.0,1.5617,73.43,high,0.45,low,real_public_aggregate,monthly,datasf_jxrr-bmra_preliminary-unintentional-drug-overdose-deaths.csv,citywide_readiness_only,Validate with internal incident data before geographic deployment,Citywide aggregate; no incident coordinates or exact timestamps. Do not infer neighborhood-level risk or causality.
OPS-EMS-OVERDOSE-911-RESPONSE-20241208,2024-12-08,Citywide,ems_overdose_911_response,53,53.5,-0.5,-0.0566,49.15,watch,0.45,low,real_public_aggregate,weekly,datasf_ed3a-sn39_overdose-related-911-responses-by-emergency-medical-services.csv,citywide_readiness_only,Validate with internal incident data before geographic deployment,Citywide aggregate; no incident coordinates or exact timestamps. Do not infer neighborhood-level risk or causality.
OPS-EMS-OVERDOSE-911-RESPONSE-20241215,2024-12-15,Citywide,ems_overdose_911_response,56,53.5,2.5,0.2883,54.33,watch,0.45,low,real_public_aggregate,weekly,datasf_ed3a-sn39_overdose-related-911-responses-by-emergency-medical-services.csv,citywide_readiness_only,Validate with internal incident data before geographic deployment,Citywide aggregate; no incident coordinates or exact timestamps. Do not infer neighborhood-level risk or causality.
OPS-EMS-OVERDOSE-911-RESPONSE-20241222,2024-12-22,Citywide,ems_overdose_911_response,52,53.5,-1.5,-0.1722,47.42,watch,0.45,low,real_public_aggregate,weekly,datasf_ed3a-sn39_overdose-related-911-responses-by-emergency-medical-services.csv,citywide_readiness_only,Validate with internal incident data before geographic deployment,Citywide aggregate; no incident coordinates or exact timestamps. Do not infer neighborhood-level risk or causality.
OPS-OVERDOSE-DEATH-20250101,2025-01-01,Citywide,overdose_death,62,41.0,21.0,3.2796,99.19,critical,0.45,low,real_public_aggregate,monthly,datasf_jxrr-bmra_preliminary-unintentional-drug-overdose-deaths.csv,citywide_readiness_only,Validate with internal incident data before geographic deployment,Citywide aggregate; no incident coordinates or exact timestamps. Do not infer neighborhood-level risk or causality.
OPS-EMS-OVERDOSE-911-RESPONSE-20250105,2025-01-05,Citywide,ems_overdose_911_response,50,53.0,-3.0,-0.3443,44.83,routine,0.45,low,real_public_aggregate,weekly,datasf_ed3a-sn39_overdose-related-911-responses-by-emergency-medical-services.csv,citywide_readiness_only,Validate with internal incident data before geographic deployment,Citywide aggregate; no incident coordinates or exact timestamps. Do not infer neighborhood-level risk or causality.
OPS-EMS-OVERDOSE-911-RESPONSE-20250112,2025-01-12,Citywide,ems_overdose_911_response,92,53.0,39.0,4.4952,100.0,critical,0.45,low,real_public_aggregate,weekly,datasf_ed3a-sn39_overdose-related-911-responses-by-emergency-medical-services.csv,citywide_readiness_only,Validate with internal incident data before geographic deployment,Citywide aggregate; no incident coordinates or exact timestamps. Do not infer neighborhood-level risk or causality.
OPS-EMS-OVERDOSE-911-RESPONSE-20250119,2025-01-19,Citywide,ems_overdose_911_response,61,53.0,8.0,0.5705,58.56,watch,0.45,low,real_public_aggregate,weekly,datasf_ed3a-sn39_overdose-related-911-responses-by-emergency-medical-services.csv,citywide_readiness_only,Validate with internal incident data before geographic deployment,Citywide aggregate; no incident coordinates or exact timestamps. Do not infer neighborhood-level risk or causality.
OPS-EMS-OVERDOSE-911-RESPONSE-20250126,2025-01-26,Citywide,ems_overdose_911_response,59,53.0,6.0,0.4291,56.44,watch,0.45,low,real_public_aggregate,weekly,datasf_ed3a-sn39_overdose-related-911-responses-by-emergency-medical-services.csv,citywide_readiness_only,Validate with internal incident data before geographic deployment,Citywide aggregate; no incident coordinates or exact timestamps. Do not infer neighborhood-level risk or causality.
OPS-OVERDOSE-DEATH-20250201,2025-02-01,Citywide,overdose_death,71,44.0,27.0,2.9343,94.01,critical,0.45,low,real_public_aggregate,monthly,datasf_jxrr-bmra_preliminary-unintentional-drug-overdose-deaths.csv,citywide_readiness_only,Validate with internal incident data before geographic deployment,Citywide aggregate; no incident coordinates or exact timestamps. Do not infer neighborhood-level risk or causality.
OPS-EMS-OVERDOSE-911-RESPONSE-20250202,2025-02-02,Citywide,ems_overdose_911_response,66,53.0,13.0,0.9402,64.1,high,0.45,low,real_public_aggregate,weekly,datasf_ed3a-sn39_overdose-related-911-responses-by-emergency-medical-services.csv,citywide_readiness_only,Validate with internal incident data before geographic deployment,Citywide aggregate; no incident coordinates or exact timestamps. Do not infer neighborhood-level risk or causality.
OPS-EMS-OVERDOSE-911-RESPONSE-20250209,2025-02-09,Citywide,ems_overdose_911_response,68,53.0,15.0,1.0571,65.86,high,0.45,low,real_public_aggregate,weekly,datasf_ed3a-sn39_overdose-related-911-responses-by-emergency-medical-services.csv,citywide_readiness_only,Validate with internal incident data before geographic deployment,Citywide aggregate; no incident coordinates or exact timestamps. Do not infer neighborhood-level risk or causality.
OPS-EMS-OVERDOSE-911-RESPONSE-20250216,2025-02-16,Citywide,ems_overdose_911_response,66,54.5,11.5,0.8277,62.41,high,0.45,low,real_public_aggregate,weekly,datasf_ed3a-sn39_overdose-related-911-responses-by-emergency-medical-services.csv,citywide_readiness_only,Validate with internal incident data before geographic deployment,Citywide aggregate; no incident coordinates or exact timestamps. Do not infer neighborhood-level risk or causality.
OPS-EMS-OVERDOSE-911-RESPONSE-20250223,2025-02-23,Citywide,ems_overdose_911_response,74,57.5,16.5,1.3959,70.94,high,0.45,low,real_public_aggregate,weekly,datasf_ed3a-sn39_overdose-related-911-responses-by-emergency-medical-services.csv,citywide_readiness_only,Validate with internal incident data before geographic deployment,Citywide aggregate; no incident coordinates or exact timestamps. Do not infer neighborhood-level risk or causality.
OPS-OVERDOSE-DEATH-20250301,2025-03-01,Citywide,overdose_death,66,46.0,20.0,1.4623,71.93,high,0.45,low,real_public_aggregate,monthly,datasf_jxrr-bmra_preliminary-unintentional-drug-overdose-deaths.csv,citywide_readiness_only,Validate with internal incident data before geographic deployment,Citywide aggregate; no incident coordinates or exact timestamps. Do not infer neighborhood-level risk or causality.
OPS-EMS-OVERDOSE-911-RESPONSE-20250302,2025-03-02,Citywide,ems_overdose_911_response,74,60.0,14.0,1.1514,67.27,high,0.45,low,real_public_aggregate,weekly,datasf_ed3a-sn39_overdose-related-911-responses-by-emergency-medical-services.csv,citywide_readiness_only,Validate with internal incident data before geographic deployment,Citywide aggregate; no incident coordinates or exact timestamps. Do not infer neighborhood-level risk or causality.
OPS-EMS-OVERDOSE-911-RESPONSE-20250309,2025-03-09,Citywide,ems_overdose_911_response,58,63.5,-5.5,-0.4122,43.82,routine,0.45,low,real_public_aggregate,weekly,datasf_ed3a-sn39_overdose-related-911-responses-by-emergency-medical-services.csv,citywide_readiness_only,Validate with internal incident data before geographic deployment,Citywide aggregate; no incident coordinates or exact timestamps. Do not infer neighborhood-level risk or causality.
OPS-EMS-OVERDOSE-911-RESPONSE-20250316,2025-03-16,Citywide,ems_overdose_911_response,73,63.5,9.5,0.8199,62.3,high,0.45,low,real_public_aggregate,weekly,datasf_ed3a-sn39_overdose-related-911-responses-by-emergency-medical-services.csv,citywide_readiness_only,Validate with internal incident data before geographic deployment,Citywide aggregate; no incident coordinates or exact timestamps. Do not infer neighborhood-level risk or causality.
OPS-EMS-OVERDOSE-911-RESPONSE-20250323,2025-03-23,Citywide,ems_overdose_911_response,61,66.0,-5.0,-0.436,43.46,routine,0.45,low,real_public_aggregate,weekly,datasf_ed3a-sn39_overdose-related-911-responses-by-emergency-medical-services.csv,citywide_readiness_only,Validate with internal incident data before geographic deployment,Citywide aggregate; no incident coordinates or exact timestamps. Do not infer neighborhood-level risk or causality.
OPS-EMS-OVERDOSE-911-RESPONSE-20250330,2025-03-30,Citywide,ems_overdose_911_response,76,66.0,10.0,0.9315,63.97,high,0.45,low,real_public_aggregate,weekly,datasf_ed3a-sn39_overdose-related-911-responses-by-emergency-medical-services.csv,citywide_readiness_only,Validate with internal incident data before geographic deployment,Citywide aggregate; no incident coordinates or exact timestamps. Do not infer neighborhood-level risk or causality.
OPS-OVERDOSE-DEATH-20250401,2025-04-01,Citywide,overdose_death,59,56.5,2.5,0.1405,52.11,watch,0.45,low,real_public_aggregate,monthly,datasf_jxrr-bmra_preliminary-unintentional-drug-overdose-deaths.csv,citywide_readiness_only,Validate with internal incident data before geographic deployment,Citywide aggregate; no incident coordinates or exact timestamps. Do not infer neighborhood-level risk or causality.
OPS-EMS-OVERDOSE-911-RESPONSE-20250406,2025-04-06,Citywide,ems_overdose_911_response,65,67.0,-2.0,-0.2075,46.89,watch,0.45,low,real_public_aggregate,weekly,datasf_ed3a-sn39_overdose-related-911-responses-by-emergency-medical-services.csv,citywide_readiness_only,Validate with internal incident data before geographic deployment,Citywide aggregate; no incident coordinates or exact timestamps. Do not infer neighborhood-level risk or causality.
OPS-EMS-OVERDOSE-911-RESPONSE-20250413,2025-04-13,Citywide,ems_overdose_911_response,77,66.0,11.0,1.2366,68.55,high,0.45,low,real_public_aggregate,weekly,datasf_ed3a-sn39_overdose-related-911-responses-by-emergency-medical-services.csv,citywide_readiness_only,Validate with internal incident data before geographic deployment,Citywide aggregate; no incident coordinates or exact timestamps. Do not infer neighborhood-level risk or causality.
OPS-EMS-OVERDOSE-911-RESPONSE-20250420,2025-04-20,Citywide,ems_overdose_911_response,63,67.0,-4.0,-0.4151,43.77,routine,0.45,low,real_public_aggregate,weekly,datasf_ed3a-sn39_overdose-related-911-responses-by-emergency-medical-services.csv,citywide_readiness_only,Validate with internal incident data before geographic deployment,Citywide aggregate; no incident coordinates or exact timestamps. Do not infer neighborhood-level risk or causality.
OPS-EMS-OVERDOSE-911-RESPONSE-20250427,2025-04-27,Citywide,ems_overdose_911_response,70,67.0,3.0,0.3372,55.06,watch,0.45,low,real_public_aggregate,weekly,datasf_ed3a-sn39_overdose-related-911-responses-by-emergency-medical-services.csv,citywide_readiness_only,Validate with internal incident data before geographic deployment,Citywide aggregate; no incident coordinates or exact timestamps. Do not infer neighborhood-level risk or causality.
OPS-OVERDOSE-DEATH-20250501,2025-05-01,Citywide,overdose_death,58,60.5,-2.5,-0.224,46.64,watch,0.45,low,real_public_aggregate,monthly,datasf_jxrr-bmra_preliminary-unintentional-drug-overdose-deaths.csv,citywide_readiness_only,Validate with internal incident data before geographic deployment,Citywide aggregate; no incident coordinates or exact timestamps. Do not infer neighborhood-level risk or causality.
OPS-EMS-OVERDOSE-911-RESPONSE-20250504,2025-05-04,Citywide,ems_overdose_911_response,74,69.0,5.0,0.6019,59.03,watch,0.45,low,real_public_aggregate,weekly,datasf_ed3a-sn39_overdose-related-911-responses-by-emergency-medical-services.csv,citywide_readiness_only,Validate with internal incident data before geographic deployment,Citywide aggregate; no incident coordinates or exact timestamps. Do not infer neighborhood-level risk or causality.
OPS-EMS-OVERDOSE-911-RESPONSE-20250511,2025-05-11,Citywide,ems_overdose_911_response,71,71.5,-0.5,-0.0591,49.11,watch,0.45,low,real_public_aggregate,weekly,datasf_ed3a-sn39_overdose-related-911-responses-by-emergency-medical-services.csv,citywide_readiness_only,Validate with internal incident data before geographic deployment,Citywide aggregate; no incident coordinates or exact timestamps. Do not infer neighborhood-level risk or causality.
OPS-EMS-OVERDOSE-911-RESPONSE-20250518,2025-05-18,Citywide,ems_overdose_911_response,56,72.0,-16.0,-1.8856,21.72,routine,0.45,low,real_public_aggregate,weekly,datasf_ed3a-sn39_overdose-related-911-responses-by-emergency-medical-services.csv,citywide_readiness_only,Validate with internal incident data before geographic deployment,Citywide aggregate; no incident coordinates or exact timestamps. Do not infer neighborhood-level risk or causality.
OPS-EMS-OVERDOSE-911-RESPONSE-20250525,2025-05-25,Citywide,ems_overdose_911_response,72,70.5,1.5,0.1786,52.68,watch,0.45,low,real_public_aggregate,weekly,datasf_ed3a-sn39_overdose-related-911-responses-by-emergency-medical-services.csv,citywide_readiness_only,Validate with internal incident data before geographic deployment,Citywide aggregate; no incident coordinates or exact timestamps. Do not infer neighborhood-level risk or causality.
OPS-EMS-OVERDOSE-911-RESPONSE-20250601,2025-06-01,Citywide,ems_overdose_911_response,57,70.5,-13.5,-1.6078,25.88,routine,0.45,low,real_public_aggregate,weekly,datasf_ed3a-sn39_overdose-related-911-responses-by-emergency-medical-services.csv,citywide_readiness_only,Validate with internal incident data before geographic deployment,Citywide aggregate; no incident coordinates or exact timestamps. Do not infer neighborhood-level risk or causality.
OPS-OVERDOSE-DEATH-20250601,2025-06-01,Citywide,overdose_death,44,60.5,-16.5,-2.1213,18.18,routine,0.45,low,real_public_aggregate,monthly,datasf_jxrr-bmra_preliminary-unintentional-drug-overdose-deaths.csv,citywide_readiness_only,Validate with internal incident data before geographic deployment,Citywide aggregate; no incident coordinates or exact timestamps. Do not infer neighborhood-level risk or causality.
OPS-EMS-OVERDOSE-911-RESPONSE-20250608,2025-06-08,Citywide,ems_overdose_911_response,59,70.5,-11.5,-1.3696,29.46,routine,0.45,low,real_public_aggregate,weekly,datasf_ed3a-sn39_overdose-related-911-responses-by-emergency-medical-services.csv,citywide_readiness_only,Validate with internal incident data before geographic deployment,Citywide aggregate; no incident coordinates or exact timestamps. Do not infer neighborhood-level risk or causality.
OPS-EMS-OVERDOSE-911-RESPONSE-20250615,2025-06-15,Citywide,ems_overdose_911_response,58,67.5,-9.5,-0.9858,35.21,routine,0.45,low,real_public_aggregate,weekly,datasf_ed3a-sn39_overdose-related-911-responses-by-emergency-medical-services.csv,citywide_readiness_only,Validate with internal incident data before geographic deployment,Citywide aggregate; no incident coordinates or exact timestamps. Do not infer neighborhood-level risk or causality.
OPS-EMS-OVERDOSE-911-RESPONSE-20250622,2025-06-22,Citywide,ems_overdose_911_response,63,67.5,-4.5,-0.4047,43.93,routine,0.45,low,real_public_aggregate,weekly,datasf_ed3a-sn39_overdose-related-911-responses-by-emergency-medical-services.csv,citywide_readiness_only,Validate with internal incident data before geographic deployment,Citywide aggregate; no incident coordinates or exact timestamps. Do not infer neighborhood-level risk or causality.
OPS-EMS-OVERDOSE-911-RESPONSE-20250629,2025-06-29,Citywide,ems_overdose_911_response,64,64.0,0.0,0.0,50.0,watch,0.45,low,real_public_aggregate,weekly,datasf_ed3a-sn39_overdose-related-911-responses-by-emergency-medical-services.csv,citywide_readiness_only,Validate with internal incident data before geographic deployment,Citywide aggregate; no incident coordinates or exact timestamps. Do not infer neighborhood-level risk or causality.
OPS-OVERDOSE-DEATH-20250701,2025-07-01,Citywide,overdose_death,52,60.5,-8.5,-0.9252,36.12,routine,0.45,low,real_public_aggregate,monthly,datasf_jxrr-bmra_preliminary-unintentional-drug-overdose-deaths.csv,citywide_readiness_only,Validate with internal incident data before geographic deployment,Citywide aggregate; no incident coordinates or exact timestamps. Do not infer neighborhood-level risk or causality.
OPS-EMS-OVERDOSE-911-RESPONSE-20250706,2025-07-06,Citywide,ems_overdose_911_response,52,63.5,-11.5,-1.1933,32.1,routine,0.45,low,real_public_aggregate,weekly,datasf_ed3a-sn39_overdose-related-911-responses-by-emergency-medical-services.csv,citywide_readiness_only,Validate with internal incident data before geographic deployment,Citywide aggregate; no incident coordinates or exact timestamps. Do not infer neighborhood-level risk or causality.
OPS-EMS-OVERDOSE-911-RESPONSE-20250713,2025-07-13,Citywide,ems_overdose_911_response,61,63.0,-2.0,-0.2075,46.89,watch,0.45,low,real_public_aggregate,weekly,datasf_ed3a-sn39_overdose-related-911-responses-by-emergency-medical-services.csv,citywide_readiness_only,Validate with internal incident data before geographic deployment,Citywide aggregate; no incident coordinates or exact timestamps. Do not infer neighborhood-level risk or causality.
OPS-EMS-OVERDOSE-911-RESPONSE-20250720,2025-07-20,Citywide,ems_overdose_911_response,59,62.0,-3.0,-0.3679,44.48,routine,0.45,low,real_public_aggregate,weekly,datasf_ed3a-sn39_overdose-related-911-responses-by-emergency-medical-services.csv,citywide_readiness_only,Validate with internal incident data before geographic deployment,Citywide aggregate; no incident coordinates or exact timestamps. Do not infer neighborhood-level risk or causality.
OPS-EMS-OVERDOSE-911-RESPONSE-20250727,2025-07-27,Citywide,ems_overdose_911_response,67,60.0,7.0,0.9037,63.56,high,0.45,low,real_public_aggregate,weekly,datasf_ed3a-sn39_overdose-related-911-responses-by-emergency-medical-services.csv,citywide_readiness_only,Validate with internal incident data before geographic deployment,Citywide aggregate; no incident coordinates or exact timestamps. Do not infer neighborhood-level risk or causality.
OPS-OVERDOSE-DEATH-20250801,2025-08-01,Citywide,overdose_death,49,58.5,-9.5,-0.9154,36.27,routine,0.45,low,real_public_aggregate,monthly,datasf_jxrr-bmra_preliminary-unintentional-drug-overdose-deaths.csv,citywide_readiness_only,Validate with internal incident data before geographic deployment,Citywide aggregate; no incident coordinates or exact timestamps. Do not infer neighborhood-level risk or causality.
OPS-EMS-OVERDOSE-911-RESPONSE-20250803,2025-08-03,Citywide,ems_overdose_911_response,57,60.0,-3.0,-0.3873,44.19,routine,0.45,low,real_public_aggregate,weekly,datasf_ed3a-sn39_overdose-related-911-responses-by-emergency-medical-services.csv,citywide_readiness_only,Validate with internal incident data before geographic deployment,Citywide aggregate; no incident coordinates or exact timestamps. Do not infer neighborhood-level risk or causality.
OPS-EMS-OVERDOSE-911-RESPONSE-20250810,2025-08-10,Citywide,ems_overdose_911_response,73,59.0,14.0,1.8226,77.34,critical,0.45,low,real_public_aggregate,weekly,datasf_ed3a-sn39_overdose-related-911-responses-by-emergency-medical-services.csv,citywide_readiness_only,Validate with internal incident data before geographic deployment,Citywide aggregate; no incident coordinates or exact timestamps. Do not infer neighborhood-level risk or causality.
OPS-EMS-OVERDOSE-911-RESPONSE-20250817,2025-08-17,Citywide,ems_overdose_911_response,58,60.0,-2.0,-0.2582,46.13,watch,0.45,low,real_public_aggregate,weekly,datasf_ed3a-sn39_overdose-related-911-responses-by-emergency-medical-services.csv,citywide_readiness_only,Validate with internal incident data before geographic deployment,Citywide aggregate; no incident coordinates or exact timestamps. Do not infer neighborhood-level risk or causality.
OPS-EMS-OVERDOSE-911-RESPONSE-20250824,2025-08-24,Citywide,ems_overdose_911_response,52,59.0,-7.0,-0.9113,36.33,routine,0.45,low,real_public_aggregate,weekly,datasf_ed3a-sn39_overdose-related-911-responses-by-emergency-medical-services.csv,citywide_readiness_only,Validate with internal incident data before geographic deployment,Citywide aggregate; no incident coordinates or exact timestamps. Do not infer neighborhood-level risk or causality.
OPS-EMS-OVERDOSE-911-RESPONSE-20250831,2025-08-31,Citywide,ems_overdose_911_response,54,59.0,-5.0,-0.6509,40.24,routine,0.45,low,real_public_aggregate,weekly,datasf_ed3a-sn39_overdose-related-911-responses-by-emergency-medical-services.csv,citywide_readiness_only,Validate with internal incident data before geographic deployment,Citywide aggregate; no incident coordinates or exact timestamps. Do not infer neighborhood-level risk or causality.
OPS-OVERDOSE-DEATH-20250901,2025-09-01,Citywide,overdose_death,39,55.0,-16.0,-2.0276,19.59,routine,0.45,low,real_public_aggregate,monthly,datasf_jxrr-bmra_preliminary-unintentional-drug-overdose-deaths.csv,citywide_readiness_only,Validate with internal incident data before geographic deployment,Citywide aggregate; no incident coordinates or exact timestamps. Do not infer neighborhood-level risk or causality.
OPS-EMS-OVERDOSE-911-RESPONSE-20250907,2025-09-07,Citywide,ems_overdose_911_response,58,58.5,-0.5,-0.0654,49.02,watch,0.45,low,real_public_aggregate,weekly,datasf_ed3a-sn39_overdose-related-911-responses-by-emergency-medical-services.csv,citywide_readiness_only,Validate with internal incident data before geographic deployment,Citywide aggregate; no incident coordinates or exact timestamps. Do not infer neighborhood-level risk or causality.
OPS-EMS-OVERDOSE-911-RESPONSE-20250914,2025-09-14,Citywide,ems_overdose_911_response,52,58.5,-6.5,-0.8498,37.25,routine,0.45,low,real_public_aggregate,weekly,datasf_ed3a-sn39_overdose-related-911-responses-by-emergency-medical-services.csv,citywide_readiness_only,Validate with internal incident data before geographic deployment,Citywide aggregate; no incident coordinates or exact timestamps. Do not infer neighborhood-level risk or causality.
OPS-EMS-OVERDOSE-911-RESPONSE-20250921,2025-09-21,Citywide,ems_overdose_911_response,47,58.0,-11.0,-1.4444,28.33,routine,0.45,low,real_public_aggregate,weekly,datasf_ed3a-sn39_overdose-related-911-responses-by-emergency-medical-services.csv,citywide_readiness_only,Validate with internal incident data before geographic deployment,Citywide aggregate; no incident coordinates or exact timestamps. Do not infer neighborhood-level risk or causality.
OPS-EMS-OVERDOSE-911-RESPONSE-20250928,2025-09-28,Citywide,ems_overdose_911_response,62,57.5,4.5,0.5934,58.9,watch,0.45,low,real_public_aggregate,weekly,datasf_ed3a-sn39_overdose-related-911-responses-by-emergency-medical-services.csv,citywide_readiness_only,Validate with internal incident data before geographic deployment,Citywide aggregate; no incident coordinates or exact timestamps. Do not infer neighborhood-level risk or causality.
OPS-OVERDOSE-DEATH-20251001,2025-10-01,Citywide,overdose_death,35,50.5,-15.5,-1.4935,27.6,routine,0.45,low,real_public_aggregate,monthly,datasf_jxrr-bmra_preliminary-unintentional-drug-overdose-deaths.csv,citywide_readiness_only,Validate with internal incident data before geographic deployment,Citywide aggregate; no incident coordinates or exact timestamps. Do not infer neighborhood-level risk or causality.
OPS-EMS-OVERDOSE-911-RESPONSE-20251005,2025-10-05,Citywide,ems_overdose_911_response,67,58.0,9.0,1.1818,67.73,high,0.45,low,real_public_aggregate,weekly,datasf_ed3a-sn39_overdose-related-911-responses-by-emergency-medical-services.csv,citywide_readiness_only,Validate with internal incident data before geographic deployment,Citywide aggregate; no incident coordinates or exact timestamps. Do not infer neighborhood-level risk or causality.
OPS-EMS-OVERDOSE-911-RESPONSE-20251012,2025-10-12,Citywide,ems_overdose_911_response,64,58.0,6.0,0.7878,61.82,high,0.45,low,real_public_aggregate,weekly,datasf_ed3a-sn39_overdose-related-911-responses-by-emergency-medical-services.csv,citywide_readiness_only,Validate with internal incident data before geographic deployment,Citywide aggregate; no incident coordinates or exact timestamps. Do not infer neighborhood-level risk or causality.
OPS-EMS-OVERDOSE-911-RESPONSE-20251019,2025-10-19,Citywide,ems_overdose_911_response,39,58.0,-19.0,-2.1359,17.96,routine,0.45,low,real_public_aggregate,weekly,datasf_ed3a-sn39_overdose-related-911-responses-by-emergency-medical-services.csv,citywide_readiness_only,Validate with internal incident data before geographic deployment,Citywide aggregate; no incident coordinates or exact timestamps. Do not infer neighborhood-level risk or causality.
OPS-EMS-OVERDOSE-911-RESPONSE-20251026,2025-10-26,Citywide,ems_overdose_911_response,65,57.5,7.5,0.8224,62.34,high,0.45,low,real_public_aggregate,weekly,datasf_ed3a-sn39_overdose-related-911-responses-by-emergency-medical-services.csv,citywide_readiness_only,Validate with internal incident data before geographic deployment,Citywide aggregate; no incident coordinates or exact timestamps. Do not infer neighborhood-level risk or causality.
OPS-OVERDOSE-DEATH-20251101,2025-11-01,Citywide,overdose_death,51,46.5,4.5,0.467,57.0,watch,0.45,low,real_public_aggregate,monthly,datasf_jxrr-bmra_preliminary-unintentional-drug-overdose-deaths.csv,citywide_readiness_only,Validate with internal incident data before geographic deployment,Citywide aggregate; no incident coordinates or exact timestamps. Do not infer neighborhood-level risk or causality.
OPS-EMS-OVERDOSE-911-RESPONSE-20251102,2025-11-02,Citywide,ems_overdose_911_response,59,58.0,1.0,0.1062,51.59,watch,0.45,low,real_public_aggregate,weekly,datasf_ed3a-sn39_overdose-related-911-responses-by-emergency-medical-services.csv,citywide_readiness_only,Validate with internal incident data before geographic deployment,Citywide aggregate; no incident coordinates or exact timestamps. Do not infer neighborhood-level risk or causality.
OPS-EMS-OVERDOSE-911-RESPONSE-20251109,2025-11-09,Citywide,ems_overdose_911_response,61,58.0,3.0,0.3372,55.06,watch,0.45,low,real_public_aggregate,weekly,datasf_ed3a-sn39_overdose-related-911-responses-by-emergency-medical-services.csv,citywide_readiness_only,Validate with internal incident data before geographic deployment,Citywide aggregate; no incident coordinates or exact timestamps. Do not infer neighborhood-level risk or causality.
OPS-EMS-OVERDOSE-911-RESPONSE-20251116,2025-11-16,Citywide,ems_overdose_911_response,70,58.5,11.5,1.2928,69.39,high,0.45,low,real_public_aggregate,weekly,datasf_ed3a-sn39_overdose-related-911-responses-by-emergency-medical-services.csv,citywide_readiness_only,Validate with internal incident data before geographic deployment,Citywide aggregate; no incident coordinates or exact timestamps. Do not infer neighborhood-level risk or causality.
OPS-EMS-OVERDOSE-911-RESPONSE-20251123,2025-11-23,Citywide,ems_overdose_911_response,47,60.0,-13.0,-1.4621,28.07,routine,0.45,low,real_public_aggregate,weekly,datasf_ed3a-sn39_overdose-related-911-responses-by-emergency-medical-services.csv,citywide_readiness_only,Validate with internal incident data before geographic deployment,Citywide aggregate; no incident coordinates or exact timestamps. Do not infer neighborhood-level risk or causality.
OPS-EMS-OVERDOSE-911-RESPONSE-20251130,2025-11-30,Citywide,ems_overdose_911_response,63,60.0,3.0,0.319,54.78,watch,0.45,low,real_public_aggregate,weekly,datasf_ed3a-sn39_overdose-related-911-responses-by-emergency-medical-services.csv,citywide_readiness_only,Validate with internal incident data before geographic deployment,Citywide aggregate; no incident coordinates or exact timestamps. Do not infer neighborhood-level risk or causality.
OPS-OVERDOSE-DEATH-20251201,2025-12-01,Citywide,overdose_death,40,46.5,-6.5,-0.8768,36.85,routine,0.45,low,real_public_aggregate,monthly,datasf_jxrr-bmra_preliminary-unintentional-drug-overdose-deaths.csv,citywide_readiness_only,Validate with internal incident data before geographic deployment,Citywide aggregate; no incident coordinates or exact timestamps. Do not infer neighborhood-level risk or causality.
OPS-EMS-OVERDOSE-911-RESPONSE-20251207,2025-12-07,Citywide,ems_overdose_911_response,39,61.5,-22.5,-2.3598,14.6,routine,0.45,low,real_public_aggregate,weekly,datasf_ed3a-sn39_overdose-related-911-responses-by-emergency-medical-services.csv,citywide_readiness_only,Validate with internal incident data before geographic deployment,Citywide aggregate; no incident coordinates or exact timestamps. Do not infer neighborhood-level risk or causality.
OPS-EMS-OVERDOSE-911-RESPONSE-20251214,2025-12-14,Citywide,ems_overdose_911_response,43,61.5,-18.5,-1.6947,24.58,routine,0.45,low,real_public_aggregate,weekly,datasf_ed3a-sn39_overdose-related-911-responses-by-emergency-medical-services.csv,citywide_readiness_only,Validate with internal incident data before geographic deployment,Citywide aggregate; no incident coordinates or exact timestamps. Do not infer neighborhood-level risk or causality.
OPS-EMS-OVERDOSE-911-RESPONSE-20251221,2025-12-21,Citywide,ems_overdose_911_response,38,61.5,-23.5,-2.0794,18.81,routine,0.45,low,real_public_aggregate,weekly,datasf_ed3a-sn39_overdose-related-911-responses-by-emergency-medical-services.csv,citywide_readiness_only,Validate with internal incident data before geographic deployment,Citywide aggregate; no incident coordinates or exact timestamps. Do not infer neighborhood-level risk or causality.
